# Ruta Query,# Sujetos Query,# Ruta Dataset,# Sujetos Dataset,# Valor Distancia Euclidiana
4.Resultados_ext_caracteristicas/Eigen_Gatos_QUERY/K_1/5_Kuroneko_Criollo/5_Kuroneko_Criollo_5.jpeg,5_Kuroneko_Criollo,4.Resultados_ext_caracteristicas/Eigen_Gatos/K_3/8_Ramon_Criollo/8_Ramon_Criollo_3.jpeg,8_Ramon_Criollo,17663
4.Resultados_ext_caracteristicas/Eigen_Gatos_QUERY/K_1/5_Kuroneko_Criollo/5_Kuroneko_Criollo_5.jpeg,5_Kuroneko_Criollo,4.Resultados_ext_caracteristicas/Eigen_Gatos/K_3/8_Ramon_Criollo/8_Ramon_Criollo_1.jpeg,8_Ramon_Criollo,19677
4.Resultados_ext_caracteristicas/Eigen_Gatos_QUERY/K_1/5_Kuroneko_Criollo/5_Kuroneko_Criollo_5.jpeg,5_Kuroneko_Criollo,4.Resultados_ext_caracteristicas/Eigen_Gatos/K_3/8_Ramon_Criollo/8_Ramon_Criollo_4.jpeg,8_Ramon_Criollo,23371
4.Resultados_ext_caracteristicas/Eigen_Gatos_QUERY/K_1/5_Kuroneko_Criollo/5_Kuroneko_Criollo_5.jpeg,5_Kuroneko_Criollo,4.Resultados_ext_caracteristicas/Eigen_Gatos/K_3/18_Gasper_Criollo/18_Gasper_Criollo_1.jpeg,18_Gasper_Criollo,43128
4.Resultados_ext_caracteristicas/Eigen_Gatos_QUERY/K_1/5_Kuroneko_Criollo/5_Kuroneko_Criollo_5.jpeg,5_Kuroneko_Criollo,4.Resultados_ext_caracteristicas/Eigen_Gatos/K_3/18_Gasper_Criollo/18_Gasper_Criollo_4.jpeg,18_Gasper_Criollo,39979
4.Resultados_ext_caracteristicas/Eigen_Gatos_QUERY/K_1/5_Kuroneko_Criollo/5_Kuroneko_Criollo_5.jpeg,5_Kuroneko_Criollo,4.Resultados_ext_caracteristicas/Eigen_Gatos/K_3/18_Gasper_Criollo/18_Gasper_Criollo_3.jpeg,18_Gasper_Criollo,38095
4.Resultados_ext_caracteristicas/Eigen_Gatos_QUERY/K_1/5_Kuroneko_Criollo/5_Kuroneko_Criollo_5.jpeg,5_Kuroneko_Criollo,4.Resultados_ext_caracteristicas/Eigen_Gatos/K_3/18_Gasper_Criollo/18_Gasper_Criollo_5.jpeg,18_Gasper_Criollo,17548
4.Resultados_ext_caracteristicas/Eigen_Gatos_QUERY/K_1/5_Kuroneko_Criollo/5_Kuroneko_Criollo_5.jpeg,5_Kuroneko_Criollo,4.Resultados_ext_caracteristicas/Eigen_Gatos/K_3/6_Lupita_Criollo/6_Lupita_Criollo_2.jpeg,6_Lupita_Criollo,24398
4.Resultados_ext_caracteristicas/Eigen_Gatos_QUERY/K_1/5_Kuroneko_Criollo/5_Kuroneko_Criollo_5.jpeg,5_Kuroneko_Criollo,4.Resultados_ext_caracteristicas/Eigen_Gatos/K_3/6_Lupita_Criollo/6_Lupita_Criollo_3.jpeg,6_Lupita_Criollo,32840
4.Resultados_ext_caracteristicas/Eigen_Gatos_QUERY/K_1/5_Kuroneko_Criollo/5_Kuroneko_Criollo_5.jpeg,5_Kuroneko_Criollo,4.Resultados_ext_caracteristicas/Eigen_Gatos/K_3/6_Lupita_Criollo/6_Lupita_Criollo_5.jpeg,6_Lupita_Criollo,28856
4.Resultados_ext_caracteristicas/Eigen_Gatos_QUERY/K_1/5_Kuroneko_Criollo/5_Kuroneko_Criollo_5.jpeg,5_Kuroneko_Criollo,4.Resultados_ext_caracteristicas/Eigen_Gatos/K_3/6_Lupita_Criollo/6_Lupita_Criollo_10.jpeg,6_Lupita_Criollo,32063
4.Resultados_ext_caracteristicas/Eigen_Gatos_QUERY/K_1/5_Kuroneko_Criollo/5_Kuroneko_Criollo_5.jpeg,5_Kuroneko_Criollo,4.Resultados_ext_caracteristicas/Eigen_Gatos/K_3/6_Lupita_Criollo/6_Lupita_Criollo_6.jpeg,6_Lupita_Criollo,34022
4.Resultados_ext_caracteristicas/Eigen_Gatos_QUERY/K_1/5_Kuroneko_Criollo/5_Kuroneko_Criollo_5.jpeg,5_Kuroneko_Criollo,4.Resultados_ext_caracteristicas/Eigen_Gatos/K_3/6_Lupita_Criollo/6_Lupita_Criollo_9.jpeg,6_Lupita_Criollo,18768
4.Resultados_ext_caracteristicas/Eigen_Gatos_QUERY/K_1/5_Kuroneko_Criollo/5_Kuroneko_Criollo_5.jpeg,5_Kuroneko_Criollo,4.Resultados_ext_caracteristicas/Eigen_Gatos/K_3/6_Lupita_Criollo/6_Lupita_Criollo_8.jpeg,6_Lupita_Criollo,21359
4.Resultados_ext_caracteristicas/Eigen_Gatos_QUERY/K_1/5_Kuroneko_Criollo/5_Kuroneko_Criollo_5.jpeg,5_Kuroneko_Criollo,4.Resultados_ext_caracteristicas/Eigen_Gatos/K_3/12_Nala_Criollo/12_Nala_Criollo_5.jpeg,12_Nala_Criollo,21556
4.Resultados_ext_caracteristicas/Eigen_Gatos_QUERY/K_1/5_Kuroneko_Criollo/5_Kuroneko_Criollo_5.jpeg,5_Kuroneko_Criollo,4.Resultados_ext_caracteristicas/Eigen_Gatos/K_3/12_Nala_Criollo/12_Nala_Criollo_3.jpeg,12_Nala_Criollo,46917
4.Resultados_ext_caracteristicas/Eigen_Gatos_QUERY/K_1/5_Kuroneko_Criollo/5_Kuroneko_Criollo_5.jpeg,5_Kuroneko_Criollo,4.Resultados_ext_caracteristicas/Eigen_Gatos/K_3/12_Nala_Criollo/12_Nala_Criollo_2.jpeg,12_Nala_Criollo,39190
4.Resultados_ext_caracteristicas/Eigen_Gatos_QUERY/K_1/5_Kuroneko_Criollo/5_Kuroneko_Criollo_5.jpeg,5_Kuroneko_Criollo,4.Resultados_ext_caracteristicas/Eigen_Gatos/K_3/12_Nala_Criollo/12_Nala_Criollo_4.jpeg,12_Nala_Criollo,32564
4.Resultados_ext_caracteristicas/Eigen_Gatos_QUERY/K_1/5_Kuroneko_Criollo/5_Kuroneko_Criollo_5.jpeg,5_Kuroneko_Criollo,4.Resultados_ext_caracteristicas/Eigen_Gatos/K_3/5_Kuroneko_Criollo/5_Kuroneko_Criollo_4.jpeg,5_Kuroneko_Criollo,24029
4.Resultados_ext_caracteristicas/Eigen_Gatos_QUERY/K_1/5_Kuroneko_Criollo/5_Kuroneko_Criollo_5.jpeg,5_Kuroneko_Criollo,4.Resultados_ext_caracteristicas/Eigen_Gatos/K_3/5_Kuroneko_Criollo/5_Kuroneko_Criollo_2.jpeg,5_Kuroneko_Criollo,24871
4.Resultados_ext_caracteristicas/Eigen_Gatos_QUERY/K_1/5_Kuroneko_Criollo/5_Kuroneko_Criollo_5.jpeg,5_Kuroneko_Criollo,4.Resultados_ext_caracteristicas/Eigen_Gatos/K_3/5_Kuroneko_Criollo/5_Kuroneko_Criollo_1.jpeg,5_Kuroneko_Criollo,13576
4.Resultados_ext_caracteristicas/Eigen_Gatos_QUERY/K_1/5_Kuroneko_Criollo/5_Kuroneko_Criollo_5.jpeg,5_Kuroneko_Criollo,4.Resultados_ext_caracteristicas/Eigen_Gatos/K_3/5_Kuroneko_Criollo/5_Kuroneko_Criollo_3.jpeg,5_Kuroneko_Criollo,49348
4.Resultados_ext_caracteristicas/Eigen_Gatos_QUERY/K_1/5_Kuroneko_Criollo/5_Kuroneko_Criollo_5.jpeg,5_Kuroneko_Criollo,4.Resultados_ext_caracteristicas/Eigen_Gatos/K_3/1_Cat_Persa/1_Cat_Persa_4.jpeg,1_Cat_Persa,49797
4.Resultados_ext_caracteristicas/Eigen_Gatos_QUERY/K_1/5_Kuroneko_Criollo/5_Kuroneko_Criollo_5.jpeg,5_Kuroneko_Criollo,4.Resultados_ext_caracteristicas/Eigen_Gatos/K_3/1_Cat_Persa/1_Cat_Persa_1.jpeg,1_Cat_Persa,40036
4.Resultados_ext_caracteristicas/Eigen_Gatos_QUERY/K_1/5_Kuroneko_Criollo/5_Kuroneko_Criollo_5.jpeg,5_Kuroneko_Criollo,4.Resultados_ext_caracteristicas/Eigen_Gatos/K_3/1_Cat_Persa/1_Cat_Persa_3.jpeg,1_Cat_Persa,13956
4.Resultados_ext_caracteristicas/Eigen_Gatos_QUERY/K_1/5_Kuroneko_Criollo/5_Kuroneko_Criollo_5.jpeg,5_Kuroneko_Criollo,4.Resultados_ext_caracteristicas/Eigen_Gatos/K_3/1_Cat_Persa/1_Cat_Persa_2.jpeg,1_Cat_Persa,26856
4.Resultados_ext_caracteristicas/Eigen_Gatos_QUERY/K_1/5_Kuroneko_Criollo/5_Kuroneko_Criollo_5.jpeg,5_Kuroneko_Criollo,4.Resultados_ext_caracteristicas/Eigen_Gatos/K_3/3_Lola_Criollo/3_Lola_Criollo_1.jpeg,3_Lola_Criollo,47575
4.Resultados_ext_caracteristicas/Eigen_Gatos_QUERY/K_1/5_Kuroneko_Criollo/5_Kuroneko_Criollo_5.jpeg,5_Kuroneko_Criollo,4.Resultados_ext_caracteristicas/Eigen_Gatos/K_3/3_Lola_Criollo/3_Lola_Criollo_3.jpeg,3_Lola_Criollo,39844
4.Resultados_ext_caracteristicas/Eigen_Gatos_QUERY/K_1/5_Kuroneko_Criollo/5_Kuroneko_Criollo_5.jpeg,5_Kuroneko_Criollo,4.Resultados_ext_caracteristicas/Eigen_Gatos/K_3/3_Lola_Criollo/3_Lola_Criollo_5.jpeg,3_Lola_Criollo,64618
4.Resultados_ext_caracteristicas/Eigen_Gatos_QUERY/K_1/5_Kuroneko_Criollo/5_Kuroneko_Criollo_5.jpeg,5_Kuroneko_Criollo,4.Resultados_ext_caracteristicas/Eigen_Gatos/K_3/3_Lola_Criollo/3_Lola_Criollo_15.jpeg,3_Lola_Criollo,20277
4.Resultados_ext_caracteristicas/Eigen_Gatos_QUERY/K_1/5_Kuroneko_Criollo/5_Kuroneko_Criollo_5.jpeg,5_Kuroneko_Criollo,4.Resultados_ext_caracteristicas/Eigen_Gatos/K_3/3_Lola_Criollo/3_Lola_Criollo_6.jpeg,3_Lola_Criollo,42132
4.Resultados_ext_caracteristicas/Eigen_Gatos_QUERY/K_1/5_Kuroneko_Criollo/5_Kuroneko_Criollo_5.jpeg,5_Kuroneko_Criollo,4.Resultados_ext_caracteristicas/Eigen_Gatos/K_3/3_Lola_Criollo/3_Lola_Criollo_7.jpeg,3_Lola_Criollo,51193
4.Resultados_ext_caracteristicas/Eigen_Gatos_QUERY/K_1/5_Kuroneko_Criollo/5_Kuroneko_Criollo_5.jpeg,5_Kuroneko_Criollo,4.Resultados_ext_caracteristicas/Eigen_Gatos/K_3/3_Lola_Criollo/3_Lola_Criollo_10.jpeg,3_Lola_Criollo,41047
4.Resultados_ext_caracteristicas/Eigen_Gatos_QUERY/K_1/5_Kuroneko_Criollo/5_Kuroneko_Criollo_5.jpeg,5_Kuroneko_Criollo,4.Resultados_ext_caracteristicas/Eigen_Gatos/K_3/3_Lola_Criollo/3_Lola_Criollo_4.jpeg,3_Lola_Criollo,23857
4.Resultados_ext_caracteristicas/Eigen_Gatos_QUERY/K_1/5_Kuroneko_Criollo/5_Kuroneko_Criollo_5.jpeg,5_Kuroneko_Criollo,4.Resultados_ext_caracteristicas/Eigen_Gatos/K_3/3_Lola_Criollo/3_Lola_Criollo_2.jpeg,3_Lola_Criollo,22164
4.Resultados_ext_caracteristicas/Eigen_Gatos_QUERY/K_1/5_Kuroneko_Criollo/5_Kuroneko_Criollo_5.jpeg,5_Kuroneko_Criollo,4.Resultados_ext_caracteristicas/Eigen_Gatos/K_3/3_Lola_Criollo/3_Lola_Criollo_16.jpeg,3_Lola_Criollo,63412
4.Resultados_ext_caracteristicas/Eigen_Gatos_QUERY/K_1/5_Kuroneko_Criollo/5_Kuroneko_Criollo_5.jpeg,5_Kuroneko_Criollo,4.Resultados_ext_caracteristicas/Eigen_Gatos/K_3/3_Lola_Criollo/3_Lola_Criollo_13.jpeg,3_Lola_Criollo,64035
4.Resultados_ext_caracteristicas/Eigen_Gatos_QUERY/K_1/5_Kuroneko_Criollo/5_Kuroneko_Criollo_5.jpeg,5_Kuroneko_Criollo,4.Resultados_ext_caracteristicas/Eigen_Gatos/K_3/3_Lola_Criollo/3_Lola_Criollo_17.jpeg,3_Lola_Criollo,59619
4.Resultados_ext_caracteristicas/Eigen_Gatos_QUERY/K_1/5_Kuroneko_Criollo/5_Kuroneko_Criollo_5.jpeg,5_Kuroneko_Criollo,4.Resultados_ext_caracteristicas/Eigen_Gatos/K_3/3_Lola_Criollo/3_Lola_Criollo_12.jpeg,3_Lola_Criollo,27894
4.Resultados_ext_caracteristicas/Eigen_Gatos_QUERY/K_1/5_Kuroneko_Criollo/5_Kuroneko_Criollo_5.jpeg,5_Kuroneko_Criollo,4.Resultados_ext_caracteristicas/Eigen_Gatos/K_3/3_Lola_Criollo/3_Lola_Criollo_18.jpeg,3_Lola_Criollo,49362
4.Resultados_ext_caracteristicas/Eigen_Gatos_QUERY/K_1/5_Kuroneko_Criollo/5_Kuroneko_Criollo_5.jpeg,5_Kuroneko_Criollo,4.Resultados_ext_caracteristicas/Eigen_Gatos/K_3/3_Lola_Criollo/3_Lola_Criollo_19.jpeg,3_Lola_Criollo,64002
4.Resultados_ext_caracteristicas/Eigen_Gatos_QUERY/K_1/5_Kuroneko_Criollo/5_Kuroneko_Criollo_5.jpeg,5_Kuroneko_Criollo,4.Resultados_ext_caracteristicas/Eigen_Gatos/K_3/9_Serena_Atigrado/9_Serena_Atigrado_3.jpeg,9_Serena_Atigrado,25742
4.Resultados_ext_caracteristicas/Eigen_Gatos_QUERY/K_1/5_Kuroneko_Criollo/5_Kuroneko_Criollo_5.jpeg,5_Kuroneko_Criollo,4.Resultados_ext_caracteristicas/Eigen_Gatos/K_3/9_Serena_Atigrado/9_Serena_Atigrado_2.jpeg,9_Serena_Atigrado,23828
4.Resultados_ext_caracteristicas/Eigen_Gatos_QUERY/K_1/5_Kuroneko_Criollo/5_Kuroneko_Criollo_5.jpeg,5_Kuroneko_Criollo,4.Resultados_ext_caracteristicas/Eigen_Gatos/K_3/9_Serena_Atigrado/9_Serena_Atigrado_6.jpeg,9_Serena_Atigrado,22585
4.Resultados_ext_caracteristicas/Eigen_Gatos_QUERY/K_1/5_Kuroneko_Criollo/5_Kuroneko_Criollo_5.jpeg,5_Kuroneko_Criollo,4.Resultados_ext_caracteristicas/Eigen_Gatos/K_3/9_Serena_Atigrado/9_Serena_Atigrado_5.jpeg,9_Serena_Atigrado,18205
4.Resultados_ext_caracteristicas/Eigen_Gatos_QUERY/K_1/5_Kuroneko_Criollo/5_Kuroneko_Criollo_5.jpeg,5_Kuroneko_Criollo,4.Resultados_ext_caracteristicas/Eigen_Gatos/K_3/9_Serena_Atigrado/9_Serena_Atigrado_4.jpeg,9_Serena_Atigrado,17919
4.Resultados_ext_caracteristicas/Eigen_Gatos_QUERY/K_1/5_Kuroneko_Criollo/5_Kuroneko_Criollo_5.jpeg,5_Kuroneko_Criollo,4.Resultados_ext_caracteristicas/Eigen_Gatos/K_3/9_Serena_Atigrado/9_Serena_Atigrado_7.jpeg,9_Serena_Atigrado,41403
4.Resultados_ext_caracteristicas/Eigen_Gatos_QUERY/K_1/5_Kuroneko_Criollo/5_Kuroneko_Criollo_5.jpeg,5_Kuroneko_Criollo,4.Resultados_ext_caracteristicas/Eigen_Gatos/K_3/9_Serena_Atigrado/9_Serena_Atigrado_8.jpeg,9_Serena_Atigrado,15965
4.Resultados_ext_caracteristicas/Eigen_Gatos_QUERY/K_1/5_Kuroneko_Criollo/5_Kuroneko_Criollo_5.jpeg,5_Kuroneko_Criollo,4.Resultados_ext_caracteristicas/Eigen_Gatos/K_3/11_Milly_Carey/11_Milly_Carey_3.jpeg,11_Milly_Carey,45899
4.Resultados_ext_caracteristicas/Eigen_Gatos_QUERY/K_1/5_Kuroneko_Criollo/5_Kuroneko_Criollo_5.jpeg,5_Kuroneko_Criollo,4.Resultados_ext_caracteristicas/Eigen_Gatos/K_3/11_Milly_Carey/11_Milly_Carey_1.jpeg,11_Milly_Carey,43248
4.Resultados_ext_caracteristicas/Eigen_Gatos_QUERY/K_1/5_Kuroneko_Criollo/5_Kuroneko_Criollo_5.jpeg,5_Kuroneko_Criollo,4.Resultados_ext_caracteristicas/Eigen_Gatos/K_3/11_Milly_Carey/11_Milly_Carey_6.jpeg,11_Milly_Carey,46222
4.Resultados_ext_caracteristicas/Eigen_Gatos_QUERY/K_1/5_Kuroneko_Criollo/5_Kuroneko_Criollo_5.jpeg,5_Kuroneko_Criollo,4.Resultados_ext_caracteristicas/Eigen_Gatos/K_3/11_Milly_Carey/11_Milly_Carey_5.jpeg,11_Milly_Carey,45526
4.Resultados_ext_caracteristicas/Eigen_Gatos_QUERY/K_1/5_Kuroneko_Criollo/5_Kuroneko_Criollo_5.jpeg,5_Kuroneko_Criollo,4.Resultados_ext_caracteristicas/Eigen_Gatos/K_3/11_Milly_Carey/11_Milly_Carey_12.jpeg,11_Milly_Carey,45784
4.Resultados_ext_caracteristicas/Eigen_Gatos_QUERY/K_1/5_Kuroneko_Criollo/5_Kuroneko_Criollo_5.jpeg,5_Kuroneko_Criollo,4.Resultados_ext_caracteristicas/Eigen_Gatos/K_3/11_Milly_Carey/11_Milly_Carey_8.jpeg,11_Milly_Carey,39282
4.Resultados_ext_caracteristicas/Eigen_Gatos_QUERY/K_1/5_Kuroneko_Criollo/5_Kuroneko_Criollo_5.jpeg,5_Kuroneko_Criollo,4.Resultados_ext_caracteristicas/Eigen_Gatos/K_3/11_Milly_Carey/11_Milly_Carey_7.jpeg,11_Milly_Carey,39487
4.Resultados_ext_caracteristicas/Eigen_Gatos_QUERY/K_1/5_Kuroneko_Criollo/5_Kuroneko_Criollo_5.jpeg,5_Kuroneko_Criollo,4.Resultados_ext_caracteristicas/Eigen_Gatos/K_3/11_Milly_Carey/11_Milly_Carey_9.jpeg,11_Milly_Carey,55873
4.Resultados_ext_caracteristicas/Eigen_Gatos_QUERY/K_1/5_Kuroneko_Criollo/5_Kuroneko_Criollo_5.jpeg,5_Kuroneko_Criollo,4.Resultados_ext_caracteristicas/Eigen_Gatos/K_3/11_Milly_Carey/11_Milly_Carey_11.jpeg,11_Milly_Carey,51320
4.Resultados_ext_caracteristicas/Eigen_Gatos_QUERY/K_1/5_Kuroneko_Criollo/5_Kuroneko_Criollo_5.jpeg,5_Kuroneko_Criollo,4.Resultados_ext_caracteristicas/Eigen_Gatos/K_3/10_Nala_Angora/10_Nala_Angora_6.jpeg,10_Nala_Angora,34260
4.Resultados_ext_caracteristicas/Eigen_Gatos_QUERY/K_1/5_Kuroneko_Criollo/5_Kuroneko_Criollo_5.jpeg,5_Kuroneko_Criollo,4.Resultados_ext_caracteristicas/Eigen_Gatos/K_3/10_Nala_Angora/10_Nala_Angora_3.jpeg,10_Nala_Angora,25533
4.Resultados_ext_caracteristicas/Eigen_Gatos_QUERY/K_1/5_Kuroneko_Criollo/5_Kuroneko_Criollo_5.jpeg,5_Kuroneko_Criollo,4.Resultados_ext_caracteristicas/Eigen_Gatos/K_3/10_Nala_Angora/10_Nala_Angora_2.jpeg,10_Nala_Angora,35833
4.Resultados_ext_caracteristicas/Eigen_Gatos_QUERY/K_1/5_Kuroneko_Criollo/5_Kuroneko_Criollo_5.jpeg,5_Kuroneko_Criollo,4.Resultados_ext_caracteristicas/Eigen_Gatos/K_3/10_Nala_Angora/10_Nala_Angora_4.jpeg,10_Nala_Angora,37960
4.Resultados_ext_caracteristicas/Eigen_Gatos_QUERY/K_1/5_Kuroneko_Criollo/5_Kuroneko_Criollo_5.jpeg,5_Kuroneko_Criollo,4.Resultados_ext_caracteristicas/Eigen_Gatos/K_3/37_Minina_Criollo/37_Minina_Criollo_3.jpeg,37_Minina_Criollo,31276
4.Resultados_ext_caracteristicas/Eigen_Gatos_QUERY/K_1/5_Kuroneko_Criollo/5_Kuroneko_Criollo_5.jpeg,5_Kuroneko_Criollo,4.Resultados_ext_caracteristicas/Eigen_Gatos/K_3/37_Minina_Criollo/37_Minina_Criollo_1.jpeg,37_Minina_Criollo,64131
4.Resultados_ext_caracteristicas/Eigen_Gatos_QUERY/K_1/5_Kuroneko_Criollo/5_Kuroneko_Criollo_5.jpeg,5_Kuroneko_Criollo,4.Resultados_ext_caracteristicas/Eigen_Gatos/K_3/37_Minina_Criollo/37_Minina_Criollo_4.jpeg,37_Minina_Criollo,62990
4.Resultados_ext_caracteristicas/Eigen_Gatos_QUERY/K_1/5_Kuroneko_Criollo/5_Kuroneko_Criollo_5.jpeg,5_Kuroneko_Criollo,4.Resultados_ext_caracteristicas/Eigen_Gatos/K_3/37_Minina_Criollo/37_Minina_Criollo_5.jpeg,37_Minina_Criollo,38770
4.Resultados_ext_caracteristicas/Eigen_Gatos_QUERY/K_1/5_Kuroneko_Criollo/5_Kuroneko_Criollo_5.jpeg,5_Kuroneko_Criollo,4.Resultados_ext_caracteristicas/Eigen_Gatos/K_3/37_Minina_Criollo/37_Minina_Criollo_6.jpeg,37_Minina_Criollo,37044
4.Resultados_ext_caracteristicas/Eigen_Gatos_QUERY/K_1/5_Kuroneko_Criollo/5_Kuroneko_Criollo_5.jpeg,5_Kuroneko_Criollo,4.Resultados_ext_caracteristicas/Eigen_Gatos/K_3/37_Minina_Criollo/37_Minina_Criollo_7.jpeg,37_Minina_Criollo,23005
4.Resultados_ext_caracteristicas/Eigen_Gatos_QUERY/K_1/5_Kuroneko_Criollo/5_Kuroneko_Criollo_5.jpeg,5_Kuroneko_Criollo,4.Resultados_ext_caracteristicas/Eigen_Gatos/K_3/37_Minina_Criollo/37_Minina_Criollo_8.jpeg,37_Minina_Criollo,26994
4.Resultados_ext_caracteristicas/Eigen_Gatos_QUERY/K_1/5_Kuroneko_Criollo/5_Kuroneko_Criollo_5.jpeg,5_Kuroneko_Criollo,4.Resultados_ext_caracteristicas/Eigen_Gatos/K_3/24_Felix_Criollo/24_Felix_Criollo_2.jpeg,24_Felix_Criollo,33990
4.Resultados_ext_caracteristicas/Eigen_Gatos_QUERY/K_1/5_Kuroneko_Criollo/5_Kuroneko_Criollo_5.jpeg,5_Kuroneko_Criollo,4.Resultados_ext_caracteristicas/Eigen_Gatos/K_3/24_Felix_Criollo/24_Felix_Criollo_1.jpeg,24_Felix_Criollo,32443
4.Resultados_ext_caracteristicas/Eigen_Gatos_QUERY/K_1/5_Kuroneko_Criollo/5_Kuroneko_Criollo_5.jpeg,5_Kuroneko_Criollo,4.Resultados_ext_caracteristicas/Eigen_Gatos/K_3/24_Felix_Criollo/24_Felix_Criollo_3.jpeg,24_Felix_Criollo,36421
4.Resultados_ext_caracteristicas/Eigen_Gatos_QUERY/K_1/5_Kuroneko_Criollo/5_Kuroneko_Criollo_5.jpeg,5_Kuroneko_Criollo,4.Resultados_ext_caracteristicas/Eigen_Gatos/K_3/24_Felix_Criollo/24_Felix_Criollo_4.jpeg,24_Felix_Criollo,40282
4.Resultados_ext_caracteristicas/Eigen_Gatos_QUERY/K_1/5_Kuroneko_Criollo/5_Kuroneko_Criollo_5.jpeg,5_Kuroneko_Criollo,4.Resultados_ext_caracteristicas/Eigen_Gatos/K_3/40_Lukitas_Europeo/40_Lukitas_Europeo_2.jpeg,40_Lukitas_Europeo,31449
4.Resultados_ext_caracteristicas/Eigen_Gatos_QUERY/K_1/5_Kuroneko_Criollo/5_Kuroneko_Criollo_5.jpeg,5_Kuroneko_Criollo,4.Resultados_ext_caracteristicas/Eigen_Gatos/K_3/40_Lukitas_Europeo/40_Lukitas_Europeo_5.jpeg,40_Lukitas_Europeo,30951
4.Resultados_ext_caracteristicas/Eigen_Gatos_QUERY/K_1/5_Kuroneko_Criollo/5_Kuroneko_Criollo_5.jpeg,5_Kuroneko_Criollo,4.Resultados_ext_caracteristicas/Eigen_Gatos/K_3/40_Lukitas_Europeo/40_Lukitas_Europeo_4.jpeg,40_Lukitas_Europeo,30042
4.Resultados_ext_caracteristicas/Eigen_Gatos_QUERY/K_1/5_Kuroneko_Criollo/5_Kuroneko_Criollo_5.jpeg,5_Kuroneko_Criollo,4.Resultados_ext_caracteristicas/Eigen_Gatos/K_3/40_Lukitas_Europeo/40_Lukitas_Europeo_3.jpeg,40_Lukitas_Europeo,32942
4.Resultados_ext_caracteristicas/Eigen_Gatos_QUERY/K_1/5_Kuroneko_Criollo/5_Kuroneko_Criollo_5.jpeg,5_Kuroneko_Criollo,4.Resultados_ext_caracteristicas/Eigen_Gatos/K_3/40_Lukitas_Europeo/40_Lukitas_Europeo_1.jpeg,40_Lukitas_Europeo,32517
4.Resultados_ext_caracteristicas/Eigen_Gatos_QUERY/K_1/5_Kuroneko_Criollo/5_Kuroneko_Criollo_5.jpeg,5_Kuroneko_Criollo,4.Resultados_ext_caracteristicas/Eigen_Gatos/K_3/32_Alfonso_Criollo/32_Alfonso_Criollo_2.jpeg,32_Alfonso_Criollo,42020
4.Resultados_ext_caracteristicas/Eigen_Gatos_QUERY/K_1/5_Kuroneko_Criollo/5_Kuroneko_Criollo_5.jpeg,5_Kuroneko_Criollo,4.Resultados_ext_caracteristicas/Eigen_Gatos/K_3/32_Alfonso_Criollo/32_Alfonso_Criollo_1.jpeg,32_Alfonso_Criollo,38776
4.Resultados_ext_caracteristicas/Eigen_Gatos_QUERY/K_1/5_Kuroneko_Criollo/5_Kuroneko_Criollo_5.jpeg,5_Kuroneko_Criollo,4.Resultados_ext_caracteristicas/Eigen_Gatos/K_3/32_Alfonso_Criollo/32_Alfonso_Criollo_8.jpeg,32_Alfonso_Criollo,49020
4.Resultados_ext_caracteristicas/Eigen_Gatos_QUERY/K_1/5_Kuroneko_Criollo/5_Kuroneko_Criollo_5.jpeg,5_Kuroneko_Criollo,4.Resultados_ext_caracteristicas/Eigen_Gatos/K_3/32_Alfonso_Criollo/32_Alfonso_Criollo_6.jpeg,32_Alfonso_Criollo,41968
4.Resultados_ext_caracteristicas/Eigen_Gatos_QUERY/K_1/5_Kuroneko_Criollo/5_Kuroneko_Criollo_5.jpeg,5_Kuroneko_Criollo,4.Resultados_ext_caracteristicas/Eigen_Gatos/K_3/32_Alfonso_Criollo/32_Alfonso_Criollo_7.jpeg,32_Alfonso_Criollo,44699
4.Resultados_ext_caracteristicas/Eigen_Gatos_QUERY/K_1/5_Kuroneko_Criollo/5_Kuroneko_Criollo_5.jpeg,5_Kuroneko_Criollo,4.Resultados_ext_caracteristicas/Eigen_Gatos/K_3/32_Alfonso_Criollo/32_Alfonso_Criollo_5.jpeg,32_Alfonso_Criollo,43023
4.Resultados_ext_caracteristicas/Eigen_Gatos_QUERY/K_1/5_Kuroneko_Criollo/5_Kuroneko_Criollo_5.jpeg,5_Kuroneko_Criollo,4.Resultados_ext_caracteristicas/Eigen_Gatos/K_3/32_Alfonso_Criollo/32_Alfonso_Criollo_3.jpeg,32_Alfonso_Criollo,39859
4.Resultados_ext_caracteristicas/Eigen_Gatos_QUERY/K_1/5_Kuroneko_Criollo/5_Kuroneko_Criollo_5.jpeg,5_Kuroneko_Criollo,4.Resultados_ext_caracteristicas/Eigen_Gatos/K_3/32_Alfonso_Criollo/32_Alfonso_Criollo_9.jpeg,32_Alfonso_Criollo,40763
4.Resultados_ext_caracteristicas/Eigen_Gatos_QUERY/K_1/5_Kuroneko_Criollo/5_Kuroneko_Criollo_5.jpeg,5_Kuroneko_Criollo,4.Resultados_ext_caracteristicas/Eigen_Gatos/K_3/41_Simba_Criollo/41_Simba_Criollo_3.jpeg,41_Simba_Criollo,24877
4.Resultados_ext_caracteristicas/Eigen_Gatos_QUERY/K_1/5_Kuroneko_Criollo/5_Kuroneko_Criollo_5.jpeg,5_Kuroneko_Criollo,4.Resultados_ext_caracteristicas/Eigen_Gatos/K_3/41_Simba_Criollo/41_Simba_Criollo_2.jpeg,41_Simba_Criollo,20822
4.Resultados_ext_caracteristicas/Eigen_Gatos_QUERY/K_1/5_Kuroneko_Criollo/5_Kuroneko_Criollo_5.jpeg,5_Kuroneko_Criollo,4.Resultados_ext_caracteristicas/Eigen_Gatos/K_3/41_Simba_Criollo/41_Simba_Criollo_6.jpeg,41_Simba_Criollo,35526
4.Resultados_ext_caracteristicas/Eigen_Gatos_QUERY/K_1/5_Kuroneko_Criollo/5_Kuroneko_Criollo_5.jpeg,5_Kuroneko_Criollo,4.Resultados_ext_caracteristicas/Eigen_Gatos/K_3/41_Simba_Criollo/41_Simba_Criollo_5.jpeg,41_Simba_Criollo,24131
4.Resultados_ext_caracteristicas/Eigen_Gatos_QUERY/K_1/5_Kuroneko_Criollo/5_Kuroneko_Criollo_5.jpeg,5_Kuroneko_Criollo,4.Resultados_ext_caracteristicas/Eigen_Gatos/K_3/41_Simba_Criollo/41_Simba_Criollo_4.jpeg,41_Simba_Criollo,25004
4.Resultados_ext_caracteristicas/Eigen_Gatos_QUERY/K_1/5_Kuroneko_Criollo/5_Kuroneko_Criollo_5.jpeg,5_Kuroneko_Criollo,4.Resultados_ext_caracteristicas/Eigen_Gatos/K_3/31_Bless_Criollo/31_Bless_Criollo_1.jpeg,31_Bless_Criollo,37733
4.Resultados_ext_caracteristicas/Eigen_Gatos_QUERY/K_1/5_Kuroneko_Criollo/5_Kuroneko_Criollo_5.jpeg,5_Kuroneko_Criollo,4.Resultados_ext_caracteristicas/Eigen_Gatos/K_3/31_Bless_Criollo/31_Bless_Criollo_5.jpeg,31_Bless_Criollo,42227
4.Resultados_ext_caracteristicas/Eigen_Gatos_QUERY/K_1/5_Kuroneko_Criollo/5_Kuroneko_Criollo_5.jpeg,5_Kuroneko_Criollo,4.Resultados_ext_caracteristicas/Eigen_Gatos/K_3/31_Bless_Criollo/31_Bless_Criollo_4.jpeg,31_Bless_Criollo,63416
4.Resultados_ext_caracteristicas/Eigen_Gatos_QUERY/K_1/5_Kuroneko_Criollo/5_Kuroneko_Criollo_5.jpeg,5_Kuroneko_Criollo,4.Resultados_ext_caracteristicas/Eigen_Gatos/K_3/31_Bless_Criollo/31_Bless_Criollo_2.jpeg,31_Bless_Criollo,59016
4.Resultados_ext_caracteristicas/Eigen_Gatos_QUERY/K_1/5_Kuroneko_Criollo/5_Kuroneko_Criollo_5.jpeg,5_Kuroneko_Criollo,4.Resultados_ext_caracteristicas/Eigen_Gatos/K_3/33_Tom2_Criollo/33_Tom2_Criollo_2.jpeg,33_Tom2_Criollo,16520
4.Resultados_ext_caracteristicas/Eigen_Gatos_QUERY/K_1/5_Kuroneko_Criollo/5_Kuroneko_Criollo_5.jpeg,5_Kuroneko_Criollo,4.Resultados_ext_caracteristicas/Eigen_Gatos/K_3/33_Tom2_Criollo/33_Tom2_Criollo_1.jpeg,33_Tom2_Criollo,26876
4.Resultados_ext_caracteristicas/Eigen_Gatos_QUERY/K_1/5_Kuroneko_Criollo/5_Kuroneko_Criollo_5.jpeg,5_Kuroneko_Criollo,4.Resultados_ext_caracteristicas/Eigen_Gatos/K_3/33_Tom2_Criollo/33_Tom2_Criollo_6.jpeg,33_Tom2_Criollo,32453
4.Resultados_ext_caracteristicas/Eigen_Gatos_QUERY/K_1/5_Kuroneko_Criollo/5_Kuroneko_Criollo_5.jpeg,5_Kuroneko_Criollo,4.Resultados_ext_caracteristicas/Eigen_Gatos/K_3/33_Tom2_Criollo/33_Tom2_Criollo_4.jpeg,33_Tom2_Criollo,26435
4.Resultados_ext_caracteristicas/Eigen_Gatos_QUERY/K_1/5_Kuroneko_Criollo/5_Kuroneko_Criollo_5.jpeg,5_Kuroneko_Criollo,4.Resultados_ext_caracteristicas/Eigen_Gatos/K_3/33_Tom2_Criollo/33_Tom2_Criollo_5.jpeg,33_Tom2_Criollo,33824
4.Resultados_ext_caracteristicas/Eigen_Gatos_QUERY/K_1/5_Kuroneko_Criollo/5_Kuroneko_Criollo_5.jpeg,5_Kuroneko_Criollo,4.Resultados_ext_caracteristicas/Eigen_Gatos/K_3/28_Bambino_Criollo/28_Bambino_Criollo_4.jpeg,28_Bambino_Criollo,14172
4.Resultados_ext_caracteristicas/Eigen_Gatos_QUERY/K_1/5_Kuroneko_Criollo/5_Kuroneko_Criollo_5.jpeg,5_Kuroneko_Criollo,4.Resultados_ext_caracteristicas/Eigen_Gatos/K_3/28_Bambino_Criollo/28_Bambino_Criollo_5.jpeg,28_Bambino_Criollo,18484
4.Resultados_ext_caracteristicas/Eigen_Gatos_QUERY/K_1/5_Kuroneko_Criollo/5_Kuroneko_Criollo_5.jpeg,5_Kuroneko_Criollo,4.Resultados_ext_caracteristicas/Eigen_Gatos/K_3/28_Bambino_Criollo/28_Bambino_Criollo_2.jpeg,28_Bambino_Criollo,44414
4.Resultados_ext_caracteristicas/Eigen_Gatos_QUERY/K_1/5_Kuroneko_Criollo/5_Kuroneko_Criollo_5.jpeg,5_Kuroneko_Criollo,4.Resultados_ext_caracteristicas/Eigen_Gatos/K_3/28_Bambino_Criollo/28_Bambino_Criollo_1.jpeg,28_Bambino_Criollo,34260
4.Resultados_ext_caracteristicas/Eigen_Gatos_QUERY/K_1/5_Kuroneko_Criollo/5_Kuroneko_Criollo_5.jpeg,5_Kuroneko_Criollo,4.Resultados_ext_caracteristicas/Eigen_Gatos/K_3/35_Cheetara_Calico/35_Cheetara_Calico_1.jpeg,35_Cheetara_Calico,13923
4.Resultados_ext_caracteristicas/Eigen_Gatos_QUERY/K_1/5_Kuroneko_Criollo/5_Kuroneko_Criollo_5.jpeg,5_Kuroneko_Criollo,4.Resultados_ext_caracteristicas/Eigen_Gatos/K_3/35_Cheetara_Calico/35_Cheetara_Calico_4.jpeg,35_Cheetara_Calico,20047
4.Resultados_ext_caracteristicas/Eigen_Gatos_QUERY/K_1/5_Kuroneko_Criollo/5_Kuroneko_Criollo_5.jpeg,5_Kuroneko_Criollo,4.Resultados_ext_caracteristicas/Eigen_Gatos/K_3/35_Cheetara_Calico/35_Cheetara_Calico_2.jpeg,35_Cheetara_Calico,21274
4.Resultados_ext_caracteristicas/Eigen_Gatos_QUERY/K_1/5_Kuroneko_Criollo/5_Kuroneko_Criollo_5.jpeg,5_Kuroneko_Criollo,4.Resultados_ext_caracteristicas/Eigen_Gatos/K_3/35_Cheetara_Calico/35_Cheetara_Calico_6.jpeg,35_Cheetara_Calico,28050
4.Resultados_ext_caracteristicas/Eigen_Gatos_QUERY/K_1/5_Kuroneko_Criollo/5_Kuroneko_Criollo_5.jpeg,5_Kuroneko_Criollo,4.Resultados_ext_caracteristicas/Eigen_Gatos/K_3/35_Cheetara_Calico/35_Cheetara_Calico_5.jpeg,35_Cheetara_Calico,17238
4.Resultados_ext_caracteristicas/Eigen_Gatos_QUERY/K_1/5_Kuroneko_Criollo/5_Kuroneko_Criollo_5.jpeg,5_Kuroneko_Criollo,4.Resultados_ext_caracteristicas/Eigen_Gatos/K_3/35_Cheetara_Calico/35_Cheetara_Calico_7.jpeg,35_Cheetara_Calico,33221
4.Resultados_ext_caracteristicas/Eigen_Gatos_QUERY/K_1/5_Kuroneko_Criollo/5_Kuroneko_Criollo_5.jpeg,5_Kuroneko_Criollo,4.Resultados_ext_caracteristicas/Eigen_Gatos/K_3/35_Cheetara_Calico/35_Cheetara_Calico_8.jpeg,35_Cheetara_Calico,24285
4.Resultados_ext_caracteristicas/Eigen_Gatos_QUERY/K_1/5_Kuroneko_Criollo/5_Kuroneko_Criollo_5.jpeg,5_Kuroneko_Criollo,4.Resultados_ext_caracteristicas/Eigen_Gatos/K_3/25_Mono_Criollo/25_Mono_Criollo_6.jpeg,25_Mono_Criollo,21378
4.Resultados_ext_caracteristicas/Eigen_Gatos_QUERY/K_1/5_Kuroneko_Criollo/5_Kuroneko_Criollo_5.jpeg,5_Kuroneko_Criollo,4.Resultados_ext_caracteristicas/Eigen_Gatos/K_3/25_Mono_Criollo/25_Mono_Criollo_1.jpeg,25_Mono_Criollo,56104
4.Resultados_ext_caracteristicas/Eigen_Gatos_QUERY/K_1/5_Kuroneko_Criollo/5_Kuroneko_Criollo_5.jpeg,5_Kuroneko_Criollo,4.Resultados_ext_caracteristicas/Eigen_Gatos/K_3/25_Mono_Criollo/25_Mono_Criollo_3.jpeg,25_Mono_Criollo,25773
4.Resultados_ext_caracteristicas/Eigen_Gatos_QUERY/K_1/5_Kuroneko_Criollo/5_Kuroneko_Criollo_5.jpeg,5_Kuroneko_Criollo,4.Resultados_ext_caracteristicas/Eigen_Gatos/K_3/25_Mono_Criollo/25_Mono_Criollo_5.jpeg,25_Mono_Criollo,47514
4.Resultados_ext_caracteristicas/Eigen_Gatos_QUERY/K_1/5_Kuroneko_Criollo/5_Kuroneko_Criollo_5.jpeg,5_Kuroneko_Criollo,4.Resultados_ext_caracteristicas/Eigen_Gatos/K_3/36_Niño_Criollo/36_Niño_Criollo_2.jpeg,36_Niño_Criollo,30255
4.Resultados_ext_caracteristicas/Eigen_Gatos_QUERY/K_1/5_Kuroneko_Criollo/5_Kuroneko_Criollo_5.jpeg,5_Kuroneko_Criollo,4.Resultados_ext_caracteristicas/Eigen_Gatos/K_3/36_Niño_Criollo/36_Niño_Criollo_3.jpeg,36_Niño_Criollo,33106
4.Resultados_ext_caracteristicas/Eigen_Gatos_QUERY/K_1/5_Kuroneko_Criollo/5_Kuroneko_Criollo_5.jpeg,5_Kuroneko_Criollo,4.Resultados_ext_caracteristicas/Eigen_Gatos/K_3/36_Niño_Criollo/36_Niño_Criollo_1.jpeg,36_Niño_Criollo,33710
4.Resultados_ext_caracteristicas/Eigen_Gatos_QUERY/K_1/5_Kuroneko_Criollo/5_Kuroneko_Criollo_5.jpeg,5_Kuroneko_Criollo,4.Resultados_ext_caracteristicas/Eigen_Gatos/K_3/36_Niño_Criollo/36_Niño_Criollo_5.jpeg,36_Niño_Criollo,40262
4.Resultados_ext_caracteristicas/Eigen_Gatos_QUERY/K_1/5_Kuroneko_Criollo/5_Kuroneko_Criollo_5.jpeg,5_Kuroneko_Criollo,4.Resultados_ext_caracteristicas/Eigen_Gatos/K_3/36_Niño_Criollo/36_Niño_Criollo_6.jpeg,36_Niño_Criollo,38117
4.Resultados_ext_caracteristicas/Eigen_Gatos_QUERY/K_1/5_Kuroneko_Criollo/5_Kuroneko_Criollo_5.jpeg,5_Kuroneko_Criollo,4.Resultados_ext_caracteristicas/Eigen_Gatos/K_3/36_Niño_Criollo/36_Niño_Criollo_4.jpeg,36_Niño_Criollo,64365
4.Resultados_ext_caracteristicas/Eigen_Gatos_QUERY/K_1/5_Kuroneko_Criollo/5_Kuroneko_Criollo_5.jpeg,5_Kuroneko_Criollo,4.Resultados_ext_caracteristicas/Eigen_Gatos/K_3/52_Copito_Criollo/52_Copito_Criollo_3.jpeg,52_Copito_Criollo,41010
4.Resultados_ext_caracteristicas/Eigen_Gatos_QUERY/K_1/5_Kuroneko_Criollo/5_Kuroneko_Criollo_5.jpeg,5_Kuroneko_Criollo,4.Resultados_ext_caracteristicas/Eigen_Gatos/K_3/52_Copito_Criollo/52_Copito_Criollo_1.jpeg,52_Copito_Criollo,63077
4.Resultados_ext_caracteristicas/Eigen_Gatos_QUERY/K_1/5_Kuroneko_Criollo/5_Kuroneko_Criollo_5.jpeg,5_Kuroneko_Criollo,4.Resultados_ext_caracteristicas/Eigen_Gatos/K_3/52_Copito_Criollo/52_Copito_Criollo_4.jpeg,52_Copito_Criollo,38091
4.Resultados_ext_caracteristicas/Eigen_Gatos_QUERY/K_1/5_Kuroneko_Criollo/5_Kuroneko_Criollo_5.jpeg,5_Kuroneko_Criollo,4.Resultados_ext_caracteristicas/Eigen_Gatos/K_3/52_Copito_Criollo/52_Copito_Criollo_6.jpeg,52_Copito_Criollo,64178
4.Resultados_ext_caracteristicas/Eigen_Gatos_QUERY/K_1/5_Kuroneko_Criollo/5_Kuroneko_Criollo_5.jpeg,5_Kuroneko_Criollo,4.Resultados_ext_caracteristicas/Eigen_Gatos/K_3/52_Copito_Criollo/52_Copito_Criollo_5.jpeg,52_Copito_Criollo,64521
4.Resultados_ext_caracteristicas/Eigen_Gatos_QUERY/K_1/5_Kuroneko_Criollo/5_Kuroneko_Criollo_5.jpeg,5_Kuroneko_Criollo,4.Resultados_ext_caracteristicas/Eigen_Gatos/K_3/44_Ody_Persa/44_Ody_Persa_5.jpeg,44_Ody_Persa,46940
4.Resultados_ext_caracteristicas/Eigen_Gatos_QUERY/K_1/5_Kuroneko_Criollo/5_Kuroneko_Criollo_5.jpeg,5_Kuroneko_Criollo,4.Resultados_ext_caracteristicas/Eigen_Gatos/K_3/44_Ody_Persa/44_Ody_Persa_2.jpeg,44_Ody_Persa,61160
4.Resultados_ext_caracteristicas/Eigen_Gatos_QUERY/K_1/5_Kuroneko_Criollo/5_Kuroneko_Criollo_5.jpeg,5_Kuroneko_Criollo,4.Resultados_ext_caracteristicas/Eigen_Gatos/K_3/44_Ody_Persa/44_Ody_Persa_4.jpeg,44_Ody_Persa,30113
4.Resultados_ext_caracteristicas/Eigen_Gatos_QUERY/K_1/5_Kuroneko_Criollo/5_Kuroneko_Criollo_5.jpeg,5_Kuroneko_Criollo,4.Resultados_ext_caracteristicas/Eigen_Gatos/K_3/44_Ody_Persa/44_Ody_Persa_3.jpeg,44_Ody_Persa,42692
4.Resultados_ext_caracteristicas/Eigen_Gatos_QUERY/K_1/5_Kuroneko_Criollo/5_Kuroneko_Criollo_5.jpeg,5_Kuroneko_Criollo,4.Resultados_ext_caracteristicas/Eigen_Gatos/K_3/54_Chispita_Calico/54_Chispita_Calico_2.jpeg,54_Chispita_Calico,25657
4.Resultados_ext_caracteristicas/Eigen_Gatos_QUERY/K_1/5_Kuroneko_Criollo/5_Kuroneko_Criollo_5.jpeg,5_Kuroneko_Criollo,4.Resultados_ext_caracteristicas/Eigen_Gatos/K_3/54_Chispita_Calico/54_Chispita_Calico_9.jpeg,54_Chispita_Calico,55354
4.Resultados_ext_caracteristicas/Eigen_Gatos_QUERY/K_1/5_Kuroneko_Criollo/5_Kuroneko_Criollo_5.jpeg,5_Kuroneko_Criollo,4.Resultados_ext_caracteristicas/Eigen_Gatos/K_3/54_Chispita_Calico/54_Chispita_Calico_3.jpeg,54_Chispita_Calico,18628
4.Resultados_ext_caracteristicas/Eigen_Gatos_QUERY/K_1/5_Kuroneko_Criollo/5_Kuroneko_Criollo_5.jpeg,5_Kuroneko_Criollo,4.Resultados_ext_caracteristicas/Eigen_Gatos/K_3/54_Chispita_Calico/54_Chispita_Calico_4.jpeg,54_Chispita_Calico,34288
4.Resultados_ext_caracteristicas/Eigen_Gatos_QUERY/K_1/5_Kuroneko_Criollo/5_Kuroneko_Criollo_5.jpeg,5_Kuroneko_Criollo,4.Resultados_ext_caracteristicas/Eigen_Gatos/K_3/54_Chispita_Calico/54_Chispita_Calico_5.jpeg,54_Chispita_Calico,45238
4.Resultados_ext_caracteristicas/Eigen_Gatos_QUERY/K_1/5_Kuroneko_Criollo/5_Kuroneko_Criollo_5.jpeg,5_Kuroneko_Criollo,4.Resultados_ext_caracteristicas/Eigen_Gatos/K_3/54_Chispita_Calico/54_Chispita_Calico_6.jpeg,54_Chispita_Calico,30386
4.Resultados_ext_caracteristicas/Eigen_Gatos_QUERY/K_1/5_Kuroneko_Criollo/5_Kuroneko_Criollo_5.jpeg,5_Kuroneko_Criollo,4.Resultados_ext_caracteristicas/Eigen_Gatos/K_3/54_Chispita_Calico/54_Chispita_Calico_8.jpeg,54_Chispita_Calico,36760
4.Resultados_ext_caracteristicas/Eigen_Gatos_QUERY/K_1/5_Kuroneko_Criollo/5_Kuroneko_Criollo_5.jpeg,5_Kuroneko_Criollo,4.Resultados_ext_caracteristicas/Eigen_Gatos/K_3/46_Reichel_Persa/46_Reichel_Persa_3.jpeg,46_Reichel_Persa,45672
4.Resultados_ext_caracteristicas/Eigen_Gatos_QUERY/K_1/5_Kuroneko_Criollo/5_Kuroneko_Criollo_5.jpeg,5_Kuroneko_Criollo,4.Resultados_ext_caracteristicas/Eigen_Gatos/K_3/46_Reichel_Persa/46_Reichel_Persa_6.jpeg,46_Reichel_Persa,17925
4.Resultados_ext_caracteristicas/Eigen_Gatos_QUERY/K_1/5_Kuroneko_Criollo/5_Kuroneko_Criollo_5.jpeg,5_Kuroneko_Criollo,4.Resultados_ext_caracteristicas/Eigen_Gatos/K_3/46_Reichel_Persa/46_Reichel_Persa_4.jpeg,46_Reichel_Persa,63845
4.Resultados_ext_caracteristicas/Eigen_Gatos_QUERY/K_1/5_Kuroneko_Criollo/5_Kuroneko_Criollo_5.jpeg,5_Kuroneko_Criollo,4.Resultados_ext_caracteristicas/Eigen_Gatos/K_3/46_Reichel_Persa/46_Reichel_Persa_2.jpeg,46_Reichel_Persa,36785
4.Resultados_ext_caracteristicas/Eigen_Gatos_QUERY/K_1/5_Kuroneko_Criollo/5_Kuroneko_Criollo_5.jpeg,5_Kuroneko_Criollo,4.Resultados_ext_caracteristicas/Eigen_Gatos/K_3/46_Reichel_Persa/46_Reichel_Persa_5.jpeg,46_Reichel_Persa,56089
4.Resultados_ext_caracteristicas/Eigen_Gatos_QUERY/K_1/5_Kuroneko_Criollo/5_Kuroneko_Criollo_5.jpeg,5_Kuroneko_Criollo,4.Resultados_ext_caracteristicas/Eigen_Gatos/K_3/47_Casparito_Persa/47_Casparito_Persa_4.jpeg,47_Casparito_Persa,61462
4.Resultados_ext_caracteristicas/Eigen_Gatos_QUERY/K_1/5_Kuroneko_Criollo/5_Kuroneko_Criollo_5.jpeg,5_Kuroneko_Criollo,4.Resultados_ext_caracteristicas/Eigen_Gatos/K_3/47_Casparito_Persa/47_Casparito_Persa_3.jpeg,47_Casparito_Persa,37217
4.Resultados_ext_caracteristicas/Eigen_Gatos_QUERY/K_1/5_Kuroneko_Criollo/5_Kuroneko_Criollo_5.jpeg,5_Kuroneko_Criollo,4.Resultados_ext_caracteristicas/Eigen_Gatos/K_3/47_Casparito_Persa/47_Casparito_Persa_2.jpeg,47_Casparito_Persa,25788
4.Resultados_ext_caracteristicas/Eigen_Gatos_QUERY/K_1/5_Kuroneko_Criollo/5_Kuroneko_Criollo_5.jpeg,5_Kuroneko_Criollo,4.Resultados_ext_caracteristicas/Eigen_Gatos/K_3/47_Casparito_Persa/47_Casparito_Persa_5.jpeg,47_Casparito_Persa,22108
4.Resultados_ext_caracteristicas/Eigen_Gatos_QUERY/K_1/5_Kuroneko_Criollo/5_Kuroneko_Criollo_5.jpeg,5_Kuroneko_Criollo,4.Resultados_ext_caracteristicas/Eigen_Gatos/K_3/58_Copito_Siames/58_Copito_Siames_4.jpeg,58_Copito_Siames,28052
4.Resultados_ext_caracteristicas/Eigen_Gatos_QUERY/K_1/5_Kuroneko_Criollo/5_Kuroneko_Criollo_5.jpeg,5_Kuroneko_Criollo,4.Resultados_ext_caracteristicas/Eigen_Gatos/K_3/58_Copito_Siames/58_Copito_Siames_5.jpeg,58_Copito_Siames,54395
4.Resultados_ext_caracteristicas/Eigen_Gatos_QUERY/K_1/5_Kuroneko_Criollo/5_Kuroneko_Criollo_5.jpeg,5_Kuroneko_Criollo,4.Resultados_ext_caracteristicas/Eigen_Gatos/K_3/58_Copito_Siames/58_Copito_Siames_6.jpeg,58_Copito_Siames,57078
4.Resultados_ext_caracteristicas/Eigen_Gatos_QUERY/K_1/5_Kuroneko_Criollo/5_Kuroneko_Criollo_5.jpeg,5_Kuroneko_Criollo,4.Resultados_ext_caracteristicas/Eigen_Gatos/K_3/58_Copito_Siames/58_Copito_Siames_7.jpeg,58_Copito_Siames,43880
4.Resultados_ext_caracteristicas/Eigen_Gatos_QUERY/K_1/5_Kuroneko_Criollo/5_Kuroneko_Criollo_5.jpeg,5_Kuroneko_Criollo,4.Resultados_ext_caracteristicas/Eigen_Gatos/K_3/58_Copito_Siames/58_Copito_Siames_1.jpeg,58_Copito_Siames,47538
4.Resultados_ext_caracteristicas/Eigen_Gatos_QUERY/K_1/5_Kuroneko_Criollo/5_Kuroneko_Criollo_5.jpeg,5_Kuroneko_Criollo,4.Resultados_ext_caracteristicas/Eigen_Gatos/K_3/58_Copito_Siames/58_Copito_Siames_2.jpeg,58_Copito_Siames,19419
